county_code,district_code,district_name,county_name,enrolled_seniors,sat_tested_seniors,sat_num_above_benchmark,sat_pct_above_benchmark,act_tested_seniors,act_num_above_benchmark,act_pct_above_benchmark,population_total,population_5_to_17,population_5_to_17_poverty,sat_participation_pct,act_participation_pct,5_to_17_poverty_pct
1,161176,Fremont Unified,Alameda,2537,845,678,80.24,511,473,92.56,236890,38326,1684,33.30705557745369,20.141899881750096,4.393884047382977
1,161275,Piedmont City Unified,Alameda,231,78,61,78.21,116,110,94.83,11864,2535,45,33.76623376623377,50.21645021645021,1.7751479289940828
1,161291,San Leandro Unified,Alameda,754,193,77,39.9,78,44,56.41,76908,11164,1210,25.59681697612732,10.344827586206897,10.838409172339663
10,1062166,Fresno Unified,Fresno,4593,1048,323,30.82,574,202,35.19,410089,82504,29613,22.81733072066188,12.497278467232746,35.89280519732377
10,1075127,Mendota Unified,Fresno,234,69,9,13.04,82,7,8.54,13187,2946,1259,29.48717948717949,35.04273504273504,42.73591310251188
13,1363107,Calipatria Unified,Imperial,91,27,5,18.52,19,9,47.37,10784,1248,405,29.67032967032967,20.87912087912088,32.45192307692308
15,1563859,Wasco Union High,Kern,453,184,40,21.74,71,24,33.8,32090,2051,463,40.618101545253865,15.673289183222957,22.57435397367138
19,1964774,Lynwood Unified,Los Angeles,1072,285,53,18.6,160,28,17.5,70913,15068,3142,26.58582089552239,14.925373134328357,20.852136979028405
19,1965128,Whittier Union High,Los Angeles,3048,1227,521,42.46,390,167,42.82,222745,13040,1305,40.25590551181102,12.795275590551181,10.007668711656443
19,1973452,Rowland Unified,Los Angeles,1186,386,174,45.08,119,58,48.74,110917,16858,2842,32.54637436762226,10.03372681281619,16.858464823822516
21,2165482,Tamalpais Union High,Marin,1233,435,361,82.99,412,374,90.78,116179,5565,195,35.27980535279806,33.41443633414436,3.5040431266846364
36,3667652,Chaffey Joint Union High,San Bernardino,6046,2437,1033,42.39,796,370,46.48,426003,26805,2830,40.30764141581211,13.165729407872973,10.557731766461481
36,3675077,Apple Valley Unified,San Bernardino,1086,316,118,37.34,82,42,51.22,83074,15361,3096,29.097605893186003,7.550644567219153,20.154937829568386
37,3768031,Coronado Unified,San Diego,294,152,113,74.34,128,100,78.13,26640,2911,151,51.70068027210885,43.53741496598639,5.18722088629337
37,3768130,Grossmont Union High,San Diego,5541,1514,886,58.52,940,566,60.21,489152,26365,3243,27.32358780003609,16.964446850748963,12.30039825526266
39,3975499,Tracy Joint Unified,San Joaquin,1515,483,247,51.14,160,84,52.5,107719,19640,1967,31.88118811881188,10.561056105610561,10.015274949083503
43,4373387,Milpitas Unified,Santa Clara,829,335,249,74.33,72,64,88.89,71498,10600,534,40.41013268998794,8.685162846803378,5.037735849056603
44,4469823,Santa Cruz City High,Santa Cruz,862,287,183,63.76,177,112,63.28,122291,5691,485,33.29466357308585,20.533642691415313,8.52222807942365
52,5271639,Red Bluff Joint Union High,Tehama,372,46,29,63.04,151,63,41.72,44116,2511,411,12.365591397849462,40.59139784946236,16.36798088410992
1,161200,Livermore Valley Joint Unified,Alameda,1128,315,231,73.33,249,201,80.72,93229,16079,710,27.925531914893615,22.074468085106382,4.415697493625226
9,961853,El Dorado Union High,El Dorado,1609,526,404,76.81,403,322,79.9,145600,7731,461,32.6911124922312,25.04661280298322,5.963006079420515
12,1275515,Eureka City Schools,Humboldt,347,58,32,55.17,23,16,69.57,50190,5718,1182,16.714697406340058,6.628242074927954,20.67156348373557
13,1363149,Holtville Unified,Imperial,151,52,18,34.62,29,9,31.03,8707,1840,458,34.437086092715234,19.205298013245034,24.891304347826086
19,1964683,Las Virgenes Unified,Los Angeles,986,337,248,73.59,322,269,83.54,65604,11451,607,34.17849898580121,32.657200811359026,5.300847087590603
19,1964964,San Marino Unified,Los Angeles,275,120,110,91.67,95,86,90.53,15384,2926,259,43.63636363636363,34.54545454545455,8.851674641148326
19,1973445,Hacienda la Puente Unified,Los Angeles,1459,1110,323,29.1,113,64,56.64,119208,20094,2980,76.07950651130912,7.74503084304318,14.830297601274012
20,2075606,Chawanakee Unified,Madera,154,47,12,25.53,32,17,53.13,4821,690,114,30.519480519480517,20.77922077922078,16.52173913043478
23,2365615,Ukiah Unified,Mendocino,525,91,57,62.64,23,16,69.57,38563,6608,1136,17.333333333333336,4.380952380952381,17.191283292978206
24,2475366,Delhi Unified,Merced,167,82,14,17.07,68,15,22.06,13942,3328,571,49.101796407185624,40.7185628742515,17.157451923076923
27,2766092,Monterey Peninsula Unified,Monterey,854,536,181,33.77,90,50,55.56,91726,13913,1889,62.76346604215457,10.53864168618267,13.57722992884353
33,3375192,Temecula Valley Unified,Riverside,2453,1014,573,56.51,629,416,66.14,159696,33596,2012,41.33713819812475,25.642070933550755,5.988808191451364
33,3375200,Murrieta Valley Unified,Riverside,2168,834,438,52.52,459,288,62.75,118245,24159,1643,38.46863468634687,21.171586715867157,6.800778177904715
34,3467314,Elk Grove Unified,Sacramento,5228,1884,1051,55.79,919,570,62.02,342285,69686,8554,36.03672532517215,17.578423871461364,12.275062422868295
36,3667868,Rim of the World Unified,San Bernardino,239,56,17,30.36,26,19,73.08,30947,4864,612,23.430962343096233,10.87866108786611,12.582236842105262
36,3667959,Yucaipa-Calimesa Joint Unified,San Bernardino,739,227,129,56.83,61,40,65.57,63388,10877,1270,30.717185385656293,8.254397834912043,11.676013606693022
37,3773551,Carlsbad Unified,San Diego,913,341,259,75.95,258,203,78.68,77105,11983,732,37.34939759036144,28.258488499452355,6.108653926395728
47,4770516,Yreka Union High,Siskiyou,150,41,22,53.66,38,20,52.63,17255,826,179,27.333333333333332,25.333333333333336,21.670702179176757
51,5171399,Live Oak Unified,Sutter,143,36,11,30.56,33,12,36.36,10679,2145,386,25.174825174825177,23.076923076923077,17.995337995337994
57,5772694,Washington Unified - Yolo County,Yolo,563,182,66,36.26,54,23,42.59,53516,9183,1651,32.326820603907635,9.591474245115453,17.97887400631602
1,161119,Alameda Unified,Alameda,919,373,222,59.52,155,134,86.45,81683,11232,819,40.58759521218716,16.866158868335145,7.291666666666667
10,1075234,Golden Plains Unified,Fresno,125,27,0,0.0,19,0,0.0,7805,2065,554,21.6,15.2,26.82808716707022
12,1262687,Northern Humboldt Union High,Humboldt,424,100,66,66.0,49,43,87.76,44671,1758,372,23.58490566037736,11.556603773584905,21.160409556313994
15,1563677,Mojave Unified,Kern,143,31,10,32.26,31,3,9.68,20271,3594,1312,21.678321678321677,21.678321678321677,36.50528658875905
19,1964592,Hawthorne,Los Angeles,112,64,41,64.06,112,49,43.75,75450,8950,1977,57.14285714285714,100.0,22.089385474860336
19,1964790,Monrovia Unified,Los Angeles,473,185,79,42.7,53,16,30.19,44241,6509,766,39.112050739957716,11.20507399577167,11.768320786603164
19,1964808,Montebello Unified,Los Angeles,2333,658,211,32.07,276,75,27.17,168045,30377,6930,28.204029147021004,11.830261465923703,22.813312703690293
19,1964907,Pomona Unified,Los Angeles,1897,651,165,25.35,266,82,30.83,170470,30626,5699,34.31734317343174,14.022140221402212,18.60837197152746
27,2765987,Carmel Unified,Monterey,215,59,46,77.97,121,93,76.86,23946,2922,300,27.44186046511628,56.27906976744186,10.266940451745379
27,2766159,Salinas Union High,Monterey,2683,725,241,33.24,516,168,32.56,178808,17826,3024,27.0219903093552,19.2322027581066,16.96398519017166
30,3073643,Tustin Unified,Orange,1992,761,475,62.42,544,403,74.08,138693,23407,2286,38.20281124497992,27.309236947791167,9.766309223736489
31,3175085,Rocklin Unified,Placer,1171,417,316,75.78,311,248,79.74,64300,12401,670,35.61058923996584,26.558497011101622,5.402790097572777
33,3366977,Alvord Unified,Riverside,1517,357,129,36.13,141,44,31.21,118395,22882,2759,23.533289386947924,9.294660514172708,12.057512455204964
33,3367124,Moreno Valley Unified,Riverside,2481,1992,320,16.06,227,73,32.16,189039,39701,5881,80.29020556227327,9.149536477226924,14.81322888592227
34,3467330,Folsom-Cordova Unified,Sacramento,1617,460,333,72.39,259,219,84.56,133714,22653,2008,28.44774273345702,16.017316017316016,8.864168101355228
36,3667777,Morongo Unified,San Bernardino,565,102,47,46.08,16,13,81.25,73685,10013,2270,18.053097345132745,2.831858407079646,22.67052831319285
39,3968593,Manteca Unified,San Joaquin,1925,529,194,36.67,124,73,58.87,129855,27061,3524,27.480519480519483,6.441558441558441,13.022430804478772
40,4068759,Lucia Mar Unified,San Luis Obispo,865,202,120,59.41,194,120,61.86,78779,11827,1130,23.352601156069362,22.427745664739884,9.55440940221527
41,4169070,South San Francisco Unified,San Mateo,682,236,151,63.98,41,31,75.61,83274,11617,682,34.60410557184751,6.011730205278592,5.870706722906086
43,4369534,Los Gatos-Saratoga Joint Union High,Santa Clara,870,292,265,90.75,308,296,96.1,57744,3664,58,33.5632183908046,35.40229885057472,1.5829694323144103
45,4569856,Anderson Union High,Shasta,444,76,30,39.47,29,21,72.41,38966,2264,264,17.117117117117118,6.531531531531531,11.66077738515901
48,4870573,Vacaville Unified,Solano,975,351,188,53.56,97,62,63.92,86646,13556,1103,36.0,9.948717948717949,8.136618471525523
49,4970904,Roseland,Sonoma,147,49,16,32.65,89,20,22.47,12358,1299,146,33.33333333333333,60.544217687074834,11.239414934565051
49,4975358,Windsor Unified,Sonoma,466,140,75,53.57,116,70,60.34,29265,5471,214,30.042918454935624,24.892703862660944,3.9115335404861997
50,5075564,Oakdale Joint Unified,Stanislaus,437,92,60,65.22,38,26,68.42,33554,5937,593,21.052631578947366,8.695652173913043,9.988209533434395
50,5075739,Turlock Unified,Stanislaus,1240,393,178,45.29,105,68,64.76,86382,14953,2330,31.693548387096776,8.46774193548387,15.582157426603358
1,161150,Castro Valley Unified,Alameda,737,311,234,75.24,106,82,77.36,54195,9065,470,42.198100407055634,14.382632293080055,5.184776613348042
7,761804,San Ramon Valley Unified,Contra Costa,2652,933,785,84.14,1077,969,89.97,157885,31288,783,35.18099547511312,40.61085972850679,2.502556890820762
10,1062414,Sanger Unified,Fresno,850,335,116,34.63,62,27,43.55,53550,11532,2455,39.411764705882355,7.294117647058823,21.288588276101283
19,1964303,Bellflower Unified,Los Angeles,953,263,130,49.43,31,23,74.19,83313,14573,2158,27.597061909758658,3.2528856243441764,14.80820695807315
19,1965094,West Covina Unified,Los Angeles,1194,356,171,48.03,42,29,69.05,59605,9919,1303,29.81574539363484,3.5175879396984926,13.136404879524147
21,2165466,San Rafael City High,Marin,634,245,142,57.96,140,91,65.0,78091,3012,273,38.64353312302839,22.082018927444793,9.063745019920319
27,2773825,North Monterey County Unified,Monterey,369,111,30,27.03,42,10,23.81,27568,5458,824,30.081300813008134,11.38211382113821,15.09710516672774
30,3066449,Brea-Olinda Unified,Orange,506,205,148,72.2,121,109,90.08,36835,5730,388,40.51383399209486,23.91304347826087,6.771378708551483
30,3066621,Orange Unified,Orange,2261,1870,670,35.83,255,196,76.86,231084,35170,3820,82.70676691729322,11.278195488721805,10.861529712823428
30,3073924,Los Alamitos Unified,Orange,759,319,227,71.16,262,214,81.68,50343,6532,351,42.028985507246375,34.51910408432148,5.37354562155542
31,3166944,Tahoe-Truckee Unified,Placer,303,105,65,61.9,78,66,84.62,33917,4424,484,34.65346534653465,25.742574257425744,10.940325497287523
33,3367082,Hemet Unified,Riverside,1858,1195,272,22.76,142,62,43.66,150311,25100,4301,64.31646932185146,7.642626480086114,17.13545816733068
36,3667611,Barstow Unified,San Bernardino,394,44,19,43.18,26,8,30.77,35967,6622,2100,11.16751269035533,6.598984771573605,31.712473572938688
36,3667934,Victor Valley Union High,San Bernardino,1911,501,137,27.35,200,65,32.5,169919,16904,3914,26.21664050235479,10.465724751439037,23.154283009938474
36,3673957,Snowline Joint Unified,San Bernardino,560,138,65,47.1,57,34,59.65,43095,8436,944,24.642857142857146,10.178571428571429,11.19013750592698
38,3868478,San Francisco Unified,San Francisco,4399,2256,1248,55.32,1077,565,52.46,881549,78817,7467,51.28438281427597,24.482837008411,9.473844475176675
43,4369583,Morgan Hill Unified,Santa Clara,636,259,172,66.41,115,89,77.39,64833,12039,526,40.723270440251575,18.081761006289305,4.3691336489741674
54,5476794,Woodlake Unified,Tulare,168,22,6,27.27,30,8,26.67,13301,2559,771,13.095238095238097,17.857142857142858,30.128956623681123
56,5673874,Oak Park Unified,Ventura,438,168,146,86.9,157,147,93.63,14189,2745,105,38.35616438356164,35.84474885844749,3.825136612021858
7,761630,Acalanes Union High,Contra Costa,1408,473,393,83.09,539,487,90.35,118736,5953,153,33.59375,38.28125,2.5701327061985557
7,761788,Pittsburg Unified,Contra Costa,840,279,89,31.9,155,45,29.03,61557,11208,1818,33.214285714285715,18.452380952380953,16.220556745182012
10,1073999,Kerman Unified,Fresno,416,102,37,36.27,38,18,47.37,21182,4786,1403,24.519230769230766,9.134615384615383,29.314667781027996
14,1476687,Bishop Unified,Inyo,158,53,27,50.94,27,19,70.37,12672,1932,248,33.54430379746836,17.088607594936708,12.836438923395447
19,1964329,Bonita Unified,Los Angeles,865,316,168,53.16,157,97,61.78,62539,9233,726,36.531791907514446,18.15028901734104,7.863099750893535
19,1964527,El Rancho Unified,Los Angeles,731,267,85,31.84,218,62,28.44,61399,10539,1542,36.52530779753762,29.82216142270862,14.631369200113864
19,1964865,Palos Verdes Peninsula Unified,Los Angeles,1118,440,365,82.95,426,376,88.26,61996,10274,484,39.35599284436494,38.10375670840787,4.710920770877944
24,2465755,Los Banos Unified,Merced,815,215,63,29.3,58,25,43.1,42830,9837,1835,26.380368098159508,7.116564417177915,18.65406119751957
27,2775473,Gonzales Unified,Monterey,191,54,8,14.81,63,11,17.46,11743,2450,332,28.272251308900525,32.98429319371728,13.551020408163264
31,3166951,Western Placer Unified,Placer,745,142,72,50.7,65,41,63.08,57231,8662,717,19.06040268456376,8.724832214765101,8.277534056799816
33,3367090,Jurupa Unified,Riverside,1486,383,127,33.16,210,56,26.67,108823,21699,2921,25.773889636608345,14.131897711978466,13.46144983639799
33,3367207,Perris Union High,Riverside,2224,696,203,29.17,383,109,28.46,179791,12946,1558,31.294964028776977,17.221223021582734,12.034605283485247
37,3768049,Dehesa Elementary,San Diego,469,26,10,38.46,18,6,33.33,2438,212,13,5.543710021321962,3.8379530916844353,6.132075471698113
37,3768452,Vista Unified,San Diego,2363,527,302,57.31,231,164,71.0,158606,25995,3137,22.302158273381295,9.775708844688955,12.067705327947682
39,3968577,Linden Unified,San Joaquin,177,33,14,42.42,33,13,39.39,13232,2446,453,18.64406779661017,18.64406779661017,18.520032706459524
39,3968585,Lodi Unified,San Joaquin,2471,732,407,55.6,474,261,55.06,183943,35618,5324,29.62363415621206,19.18251719951437,14.947498455836936
39,3968650,Ripon Unified,San Joaquin,405,94,45,47.87,46,37,80.43,19277,3969,532,23.209876543209877,11.358024691358025,13.403880070546737
42,4269146,Carpinteria Unified,Santa Barbara,167,49,31,63.27,39,21,53.85,18894,2729,251,29.34131736526946,23.353293413173652,9.197508244778307
43,4369401,Campbell Union High,Santa Clara,2023,661,447,67.62,403,324,80.4,238328,10198,359,32.67424616905586,19.9209095402867,3.5202980976662093
43,4369666,San Jose Unified,Santa Clara,2648,648,371,57.25,443,316,71.33,272092,39762,2321,24.47129909365559,16.729607250755286,5.8372315275891555
50,5071043,Ceres Unified,Stanislaus,1073,352,82,23.3,34,8,23.53,57639,12386,2044,32.805219012115565,3.1686859273066172,16.502502825771032
54,5476836,Exeter Unified,Tulare,225,50,15,30.0,18,13,72.22,17181,3252,936,22.22222222222222,8.0,28.782287822878228
4,461531,Paradise Unified,Butte,328,54,38,70.37,23,17,73.91,39350,5018,723,16.463414634146343,7.01219512195122,14.408130729374252
7,761739,Martinez Unified,Contra Costa,349,80,60,75.0,42,31,73.81,31982,4433,264,22.922636103151863,12.034383954154727,5.955334987593052
7,761754,Mt. Diablo Unified,Contra Costa,2145,614,364,59.28,323,241,74.61,275418,40996,3889,28.62470862470862,15.058275058275058,9.486291345497122
9,961903,Lake Tahoe Unified,El Dorado,275,54,28,51.85,54,32,59.26,31804,3929,414,19.636363636363637,19.636363636363637,10.537032323746502
10,1062265,Kings Canyon Joint Unified,Fresno,619,169,48,28.4,169,34,20.12,49219,10972,3555,27.30210016155089,27.30210016155089,32.400656215822096
10,1073965,Central Unified,Fresno,1096,379,94,24.8,37,20,54.05,74968,16717,3886,34.58029197080292,3.375912408759124,23.245797690973262
15,1563529,Kern High,Kern,10175,2786,1025,36.79,741,366,49.39,639379,44909,9833,27.380835380835382,7.282555282555283,21.895388452203342
16,1663982,Lemoore Union High,Kings,527,131,53,40.46,84,29,34.52,38746,2385,396,24.857685009487664,15.939278937381404,16.60377358490566
30,3073650,Irvine Unified,Orange,2552,831,732,88.09,780,717,91.92,196633,27529,2280,32.56269592476489,30.56426332288401,8.282175160739584
31,3166894,Placer Union High,Placer,1002,333,221,66.37,213,151,70.89,98203,5317,387,33.23353293413174,21.25748502994012,7.278540530374271
34,3467355,Galt Joint Union High,Sacramento,567,214,99,46.26,58,29,50.0,41350,2755,220,37.742504409171076,10.229276895943562,7.985480943738657
36,3667686,Colton Joint Unified,San Bernardino,1621,398,136,34.17,126,46,36.51,121352,24345,4063,24.552745219000617,7.772979642196175,16.689258574655987
37,3768106,Escondido Union High,San Diego,2532,773,362,46.83,497,229,46.08,177512,10013,1423,30.529225908372826,19.62875197472354,14.21152501747728
37,3768296,Poway Unified,San Diego,2918,1102,882,80.04,941,775,82.36,201680,35559,1674,37.76559287183002,32.248115147361204,4.707668944570995
39,3968676,Stockton Unified,San Joaquin,2734,928,258,27.8,354,116,32.77,220939,43587,10100,33.94294074615947,12.948061448427211,23.17204671117535
40,4075457,Paso Robles Joint Unified,San Luis Obispo,578,132,67,50.76,89,53,59.55,48447,7391,1112,22.837370242214533,15.397923875432525,15.045325395751592
42,4269260,Orcutt Union Elementary,Santa Barbara,145,56,43,76.79,49,40,81.63,38016,4425,373,38.62068965517241,33.793103448275865,8.429378531073446
43,4369427,East Side Union High,Santa Clara,6785,2388,1320,55.28,777,423,54.44,566402,29768,2137,35.19528371407517,11.451731761238024,7.178849771566783
43,4369609,Mountain View-Los Altos Union High,Santa Clara,1061,346,274,79.19,342,297,86.84,114581,4603,111,32.61074458058435,32.23374175306315,2.4114707799261352
43,4369674,Santa Clara Unified,Santa Clara,1136,287,192,66.9,193,135,69.95,154916,18815,790,25.264084507042256,16.989436619718308,4.198777571086898
49,4970607,West Sonoma County Union High,Sonoma,450,137,92,67.15,55,40,72.73,48517,2133,115,30.444444444444446,12.222222222222221,5.391467416783873
49,4973882,Cotati-Rohnert Park Unified,Sonoma,529,132,58,43.94,73,44,60.27,53379,7101,408,24.95274102079395,13.799621928166353,5.74566962399662
56,5672546,Oxnard Union High,Ventura,4063,2690,714,26.54,317,161,50.79,325838,18204,2240,66.20723603248831,7.802116662564608,12.30498791474401
58,5872736,Marysville Joint Unified,Yuba,602,119,56,47.06,42,17,40.48,63921,12382,2442,19.767441860465116,6.976744186046512,19.722177354223874
1,161127,Albany City Unified,Alameda,307,114,96,84.21,58,51,87.93,20578,3258,174,37.13355048859935,18.892508143322477,5.3406998158379375
4,475507,Gridley Unified,Butte,175,65,31,47.69,15,9,60.0,11227,2044,306,37.142857142857146,8.571428571428571,14.9706457925636
10,1076778,Washington Unified - Fresno County,Fresno,339,82,8,9.76,121,10,8.26,19475,2898,1233,24.188790560471976,35.693215339233035,42.54658385093168
12,1262810,Fortuna Union High,Humboldt,274,78,42,53.85,24,13,54.17,22797,1190,230,28.467153284671532,8.75912408759124,19.327731092436977
13,1363115,Central Union High,Imperial,958,274,110,40.15,172,58,33.72,60028,4127,1162,28.60125260960334,17.954070981210858,28.15604555367095
15,1563412,Delano Joint Union High,Kern,1004,320,108,33.75,194,69,35.57,75034,5030,1198,31.872509960159363,19.322709163346612,23.817097415506957
19,1964246,Antelope Valley Union High,Los Angeles,5657,1147,359,31.3,339,150,44.25,381865,26627,4364,20.27576453950857,5.992575570090153,16.389379201562324
19,1964261,Arcadia Unified,Los Angeles,857,372,313,84.14,192,175,91.15,58912,8999,861,43.40723453908985,22.403733955659277,9.56772974774975
19,1964840,Norwalk-La Mirada Unified,Los Angeles,1403,1223,242,19.79,171,56,32.75,127901,21314,2676,87.17034925160371,12.188168210976478,12.555128084826874
19,1973437,Compton Unified,Los Angeles,1361,280,41,14.64,795,57,7.17,158285,32324,7705,20.573108008817044,58.41293166789126,23.83677762653137
30,3066597,Newport-Mesa Unified,Orange,1817,411,232,56.45,628,485,77.23,205303,25852,2752,22.619702806824435,34.562465602641716,10.645211202228069
30,3066670,Santa Ana Unified,Orange,4128,3149,673,21.37,1162,410,35.28,267618,51013,9478,76.28391472868216,28.149224806201552,18.57957775468998
33,3367173,Palm Springs Unified,Riverside,1777,470,141,30.0,232,63,27.16,185869,26427,5491,26.44907146876759,13.05571187394485,20.777992204941913
34,3467439,Sacramento City Unified,Sacramento,3244,787,327,41.55,468,196,41.88,354952,53153,9122,24.260172626387178,14.426633785450061,17.161778262750925
34,3476505,Twin Rivers Unified,Sacramento,2234,1156,179,15.48,91,35,38.46,197851,34154,7650,51.74574753804835,4.073410922112802,22.398547754289392
36,3667850,Rialto Unified,San Bernardino,1973,467,151,32.33,190,59,31.05,128621,27786,5099,23.66953877344146,9.63000506842372,18.350968113438423
37,3773791,San Marcos Unified,San Diego,1534,533,301,56.47,422,265,62.8,122598,20371,1756,34.74576271186441,27.509778357235987,8.62009719699573
1,161242,New Haven Unified,Alameda,1043,337,201,59.64,132,90,68.18,82975,13283,904,32.31064237775647,12.655800575263662,6.805691485357224
1,161259,Oakland Unified,Alameda,3663,1215,408,33.58,809,279,34.49,431394,57483,9813,33.169533169533175,22.085722085722086,17.071134074422005
4,461515,Oroville Union High,Butte,521,70,29,41.43,33,13,39.39,52832,3042,557,13.43570057581574,6.333973128598848,18.310322156476
10,1075408,Riverdale Joint Unified,Fresno,127,41,9,21.95,50,7,14.0,8494,1691,588,32.28346456692913,39.37007874015748,34.772324068598465
19,1964287,Baldwin Park Unified,Los Angeles,1702,428,132,30.84,222,88,39.64,76360,14685,2751,25.146886016451237,13.043478260869565,18.733401430030643
19,1964519,El Monte Union High,Los Angeles,2308,726,358,49.31,302,141,46.69,176626,9886,2004,31.455805892547662,13.084922010398614,20.271090430912402
19,1964634,Inglewood Unified,Los Angeles,695,250,47,18.8,227,37,16.3,114478,18888,3667,35.97122302158273,32.66187050359712,19.4144430326133
19,1964873,Paramount Unified,Los Angeles,1281,1000,158,15.8,61,35,57.38,78832,15910,3093,78.06401249024199,4.761904761904762,19.440603394091767
19,1964881,Pasadena Unified,Los Angeles,1544,574,218,37.98,166,88,53.01,206716,25424,3079,37.17616580310881,10.751295336787564,12.110604153555697
19,1965136,William S. Hart Union High,Los Angeles,4252,1376,914,66.42,748,585,78.21,273174,23874,1736,32.36124176857949,17.591721542803388,7.271508754293373
20,2065243,Madera Unified,Madera,1296,204,49,24.02,271,65,23.99,91598,21444,5660,15.74074074074074,20.910493827160494,26.3943294161537
21,2165417,Novato Unified,Marin,667,258,155,60.08,197,137,69.54,60104,10078,636,38.68065967016492,29.535232383808097,6.310775947608653
24,2465698,Hilmar Unified,Merced,166,46,16,34.78,26,11,42.31,10749,2053,372,27.710843373493976,15.66265060240964,18.119824646858255
27,2766134,Pacific Grove Unified,Monterey,151,63,48,76.19,31,26,83.87,18375,2247,128,41.72185430463576,20.52980132450331,5.696484201157098
30,3066514,Fullerton Joint Union High,Orange,3550,1217,775,63.68,519,419,80.73,262907,14224,1490,34.28169014084507,14.619718309859156,10.47525309336333
30,3066522,Garden Grove Unified,Orange,3627,1574,834,52.99,615,349,56.75,289981,47677,9038,43.396746622553074,16.95616211745244,18.956729660003777
31,3166928,Roseville Joint Union High,Placer,2555,941,665,70.67,611,474,77.58,184546,11060,778,36.82974559686888,23.91389432485323,7.0343580470162745
33,3367215,Riverside Unified,Riverside,3434,1290,546,42.33,583,272,46.66,276980,46153,5039,37.565521258008154,16.977285963890505,10.918033497280783
33,3375242,Val Verde Unified,Riverside,1641,1310,225,17.18,41,14,34.15,91742,20675,3081,79.82937233394271,2.4984765386959173,14.902055622732767
36,3667843,Redlands Unified,San Bernardino,1842,1106,551,49.82,174,120,68.97,132572,21360,2486,60.043431053203044,9.446254071661238,11.638576779026218
36,3675044,Hesperia Unified,San Bernardino,1986,472,145,30.72,255,91,35.69,106542,22647,4750,23.76636455186304,12.83987915407855,20.97408045215702
37,3768023,Chula Vista Elementary,San Diego,228,112,30,26.79,21,6,28.57,304357,28937,3558,49.122807017543856,9.210526315789473,12.295676815150154
37,3768122,Fallbrook Union High,San Diego,557,110,53,48.18,42,26,61.9,67499,2751,310,19.748653500897667,7.5403949730700175,11.268629589240277
37,3768304,Ramona City Unified,San Diego,476,120,68,56.67,81,54,66.67,38064,6596,548,25.210084033613445,17.016806722689076,8.308065494238932
37,3773569,Oceanside Unified,San Diego,1628,396,206,52.02,207,100,48.31,144710,21992,2518,24.324324324324326,12.714987714987716,11.4496180429247
42,4269328,Santa Ynez Valley Union High,Santa Barbara,231,69,48,69.57,50,38,76.0,22134,1451,57,29.87012987012987,21.645021645021643,3.9283252929014476
47,4776455,Scott Valley Unified,Siskiyou,45,16,6,37.5,27,11,40.74,5149,760,194,35.55555555555556,60.0,25.526315789473685
50,5071217,Patterson Joint Unified,Stanislaus,458,216,53,24.54,15,7,46.67,27296,6358,763,47.161572052401745,3.2751091703056767,12.00062912865681
54,5472256,Visalia Unified,Tulare,2216,467,209,44.75,187,103,55.08,150307,31525,6215,21.074007220216608,8.438628158844766,19.71451229183188
54,5475531,Dinuba Unified,Tulare,538,115,35,30.43,96,18,18.75,30510,6624,1752,21.37546468401487,17.843866171003718,26.44927536231884
1,161192,Hayward Unified,Alameda,1601,549,216,39.34,256,92,35.94,182895,28146,2892,34.29106808244847,15.99000624609619,10.274994670645917
1,161309,San Lorenzo Unified,Alameda,1099,364,151,41.48,189,92,48.68,85574,14231,1549,33.12101910828025,17.197452229299362,10.88468835640503
1,175093,Dublin Unified,Alameda,695,271,212,78.23,216,187,86.57,50945,6961,214,38.99280575539568,31.07913669064748,3.074270938083609
6,661614,Pierce Joint Unified,Colusa,107,21,3,14.29,16,5,31.25,6992,1414,208,19.626168224299064,14.953271028037381,14.71004243281471
7,761721,Liberty Union High,Contra Costa,2138,639,333,52.11,284,183,64.44,115344,7701,481,29.887745556594947,13.283442469597755,6.245942085443449
10,1062364,Parlier Unified,Fresno,232,51,11,21.57,33,8,24.24,16626,4049,1364,21.982758620689655,14.224137931034484,33.68733020498888
16,1663891,Corcoran Joint Unified,Kings,187,49,16,32.65,40,10,25.0,26190,3404,1005,26.203208556149733,21.390374331550802,29.524089306698002
18,1864139,Lassen Union High,Lassen,190,40,16,40.0,27,15,55.56,24680,1058,94,21.052631578947366,14.210526315789473,8.88468809073724
19,1964535,El Segundo Unified,Los Angeles,319,142,92,64.79,109,78,71.56,16970,2554,146,44.5141065830721,34.1692789968652,5.716523101018011
19,1964691,Lawndale Elementary,Los Angeles,126,95,22,23.16,96,19,19.79,48723,5643,1147,75.39682539682539,76.19047619047619,20.32606769448875
24,2465789,Merced Union High,Merced,2577,744,237,31.85,379,117,30.87,180946,12479,2577,28.870779976717113,14.707023670935197,20.650693164516387
24,2473619,Gustine Unified,Merced,155,18,3,16.67,28,8,28.57,9453,1959,402,11.612903225806452,18.064516129032256,20.520673813169985
33,3367033,Corona-Norco Unified,Riverside,4488,1736,931,53.63,757,410,54.16,288993,56016,4696,38.68092691622103,16.867201426024955,8.383319051699514
34,3467447,San Juan Unified,Sacramento,4487,938,528,56.29,456,295,64.69,351846,50549,7502,20.904836193447736,10.162692221974593,14.841045322360483
39,3968502,Escalon Unified,San Joaquin,201,63,28,44.44,16,10,62.5,16080,3061,556,31.343283582089555,7.960199004975125,18.163998693237502
42,4269229,Lompoc Unified,Santa Barbara,648,62,40,64.52,41,25,60.98,60351,10931,1790,9.5679012345679,6.327160493827161,16.37544597932486
48,4870565,Travis Unified,Solano,419,163,87,53.37,40,28,70.0,29792,4690,255,38.902147971360385,9.54653937947494,5.437100213219616
51,5171449,Sutter Union High,Sutter,189,49,32,65.31,22,17,77.27,7920,536,32,25.925925925925924,11.64021164021164,5.970149253731343
52,5271506,Corning Union High,Tehama,228,30,18,60.0,113,33,29.2,17614,1144,235,13.157894736842104,49.56140350877193,20.54195804195804
56,5672603,Simi Valley Unified,Ventura,1416,321,206,64.17,159,122,76.73,130951,21814,1580,22.66949152542373,11.228813559322035,7.243054918859448
11,1176562,Hamilton Unified,Glenn,90,25,4,16.0,30,7,23.33,3492,636,127,27.77777777777778,33.33333333333333,19.968553459119498
13,1363099,Calexico Unified,Imperial,879,194,91,46.91,90,35,38.89,40550,8995,3166,22.070534698521048,10.238907849829351,35.19733185102835
17,1764014,Kelseyville Unified,Lake,129,45,14,31.11,18,7,38.89,12293,1959,376,34.883720930232556,13.953488372093023,19.19346605410924
19,1964311,Beverly Hills Unified,Los Angeles,424,145,116,80.0,91,78,85.71,34781,4759,541,34.19811320754717,21.462264150943398,11.367934440008405
19,1964337,Burbank Unified,Los Angeles,1331,522,359,68.77,176,140,79.55,105641,13684,1326,39.21863260706236,13.223140495867769,9.690149079216603
19,1964469,Duarte Unified,Los Angeles,405,126,45,35.71,59,31,52.54,28343,4174,638,31.11111111111111,14.5679012345679,15.285098227120269
19,1964576,Glendora Unified,Los Angeles,639,248,186,75.0,79,66,83.54,38352,6304,536,38.810641627543035,12.363067292644757,8.50253807106599
19,1964733,Los Angeles Unified,Los Angeles,41873,19988,5493,27.48,9336,2774,29.71,4641973,688725,142752,47.734817185298404,22.295990256251045,20.726995535228138
19,1975713,Alhambra Unified,Los Angeles,1902,814,519,63.76,238,174,73.11,172792,16598,2894,42.797055730809674,12.513144058885384,17.435835642848534
20,2075580,Golden Valley Unified,Madera,172,47,21,44.68,17,12,70.59,10828,2038,292,27.325581395348834,9.883720930232558,14.327772325809619
23,2365565,Fort Bragg Unified,Mendocino,119,31,18,58.06,24,17,70.83,14682,2000,365,26.05042016806723,20.168067226890756,18.25
27,2775440,Soledad Unified,Monterey,403,141,24,17.02,69,14,20.29,27714,4505,723,34.98759305210918,17.121588089330025,16.0488346281909
30,3066548,Huntington Beach Union High,Orange,4150,1313,931,70.91,584,459,78.6,329879,16080,1616,31.63855421686747,14.072289156626505,10.049751243781095
33,3366985,Banning Unified,Riverside,358,74,24,32.43,51,13,25.49,37773,5784,1138,20.670391061452513,14.24581005586592,19.67496542185339
33,3367058,Desert Sands Unified,Riverside,2493,755,255,33.77,226,109,48.23,200070,29831,4197,30.28479743281187,9.06538307260329,14.069256813382053
36,3667710,Fontana Unified,San Bernardino,2941,997,276,27.68,2562,282,11.01,188041,41076,6607,33.90003400204012,87.11322679360761,16.08481838543188
44,4469807,San Lorenzo Valley Unified,Santa Cruz,244,50,30,60.0,25,19,76.0,24834,3144,142,20.491803278688526,10.245901639344263,4.516539440203562
48,4870524,Benicia Unified,Solano,406,132,94,71.21,67,56,83.58,29335,4838,317,32.51231527093596,16.502463054187192,6.552294336502687
48,4870540,Fairfield-Suisun Unified,Solano,1560,393,192,48.85,94,59,62.77,140124,23998,2719,25.192307692307693,6.0256410256410255,11.330110842570214
50,5071175,Modesto City High,Stanislaus,3858,1067,443,41.52,511,262,51.27,285196,17822,2692,27.656817003628824,13.245204769310522,15.104926495342836
54,5475325,Farmersville Unified,Tulare,216,62,7,11.29,46,8,17.39,11805,2978,889,28.703703703703702,21.296296296296298,29.852249832102085
56,5672520,Ojai Unified,Ventura,192,49,28,57.14,15,13,86.67,22271,3158,294,25.520833333333332,7.8125,9.309689677010766
56,5673940,Moorpark Unified,Ventura,505,125,87,69.6,112,88,78.57,37051,6815,448,24.752475247524753,22.17821782178218,6.573734409391049
1,161234,Newark Unified,Alameda,460,141,64,45.39,31,22,70.97,47114,7733,482,30.65217391304348,6.739130434782608,6.233027285658864
1,175101,Pleasanton Unified,Alameda,1251,438,368,84.02,476,434,91.18,78248,15257,443,35.011990407673856,38.049560351718625,2.9035852395621684
19,1964279,Azusa Unified,Los Angeles,668,187,72,38.5,49,17,34.69,68527,11763,1934,27.994011976047904,7.335329341317365,16.4413840006801
19,1964378,Charter Oak Unified,Los Angeles,404,165,86,52.12,38,25,65.79,37449,5909,691,40.84158415841584,9.405940594059405,11.694026061939415
19,1964568,Glendale Unified,Los Angeles,1978,639,485,75.9,221,185,83.71,218655,27450,4175,32.30535894843276,11.172901921132457,15.209471766848818
19,1975341,Redondo Beach Unified,Los Angeles,757,190,148,77.89,267,191,71.54,68408,7766,383,25.09907529722589,35.270805812417436,4.931753798609323
28,2866290,Saint Helena Unified,Napa,121,47,28,59.57,28,24,85.71,9923,1339,161,38.84297520661157,23.140495867768596,12.023898431665422
30,3066647,Placentia-Yorba Linda Unified,Orange,2162,742,544,73.32,436,297,68.12,166982,27392,2258,34.32007400555042,20.166512488436634,8.243282710280374
30,3073635,Saddleback Valley Unified,Orange,2410,691,469,67.87,479,372,77.66,220111,33714,2236,28.67219917012448,19.87551867219917,6.632259595420301
33,3367157,Nuview Union,Riverside,157,124,56,45.16,169,58,34.32,11122,1456,221,78.98089171974523,107.64331210191082,15.178571428571427
37,3768189,Lakeside Union Elementary - San Diego County,San Diego,71,25,18,72.0,16,16,100.0,44164,4702,528,35.2112676056338,22.535211267605636,11.229264142917907
37,3775614,Valley Center-Pauma Unified,San Diego,314,109,41,37.61,50,25,50.0,26690,4384,425,34.71337579617834,15.92356687898089,9.694343065693431
39,3968569,Lincoln Unified,San Joaquin,721,207,107,51.69,59,43,72.88,51880,9366,1311,28.71012482662968,8.183079056865465,13.997437540038437
39,3976760,Lammersville Joint Unified,San Joaquin,283,132,80,60.61,52,46,88.46,12656,2580,121,46.64310954063604,18.374558303886925,4.689922480620155
41,4168924,Jefferson Union High,San Mateo,1179,912,386,42.32,132,98,74.24,146296,6437,370,77.35368956743002,11.195928753180661,5.748019263632127
41,4169062,Sequoia Union High,San Mateo,2532,894,547,61.19,630,431,68.41,259935,12134,691,35.308056872037916,24.881516587677723,5.694742047140267
43,4369641,Palo Alto Unified,Santa Clara,1020,367,332,90.46,454,393,86.56,87167,12550,442,35.98039215686274,44.509803921568626,3.521912350597609
49,4975390,Healdsburg Unified,Sonoma,158,47,28,59.57,36,29,80.56,17065,2355,108,29.746835443037973,22.78481012658228,4.585987261146497
51,5171464,Yuba City Unified,Sutter,972,205,115,56.1,116,71,61.21,75425,14209,2474,21.090534979423868,11.934156378600823,17.411499753677248
57,5772710,Woodland Joint Unified,Yolo,767,223,89,39.91,139,53,38.13,67150,12215,1636,29.074315514993483,18.122555410691003,13.393368808841588
1,161143,Berkeley Unified,Alameda,820,321,224,69.78,227,166,73.13,124433,9817,661,39.146341463414636,27.682926829268297,6.7332178873382915
7,761796,West Contra Costa Unified,Contra Costa,2520,1770,397,22.43,475,127,26.74,259303,39894,5020,70.23809523809523,18.849206349206348,12.583345866546347
10,1062117,Clovis Unified,Fresno,3305,1209,724,59.88,479,358,74.74,205130,40116,5196,36.58093797276854,14.493192133131618,12.952437930002992
10,1073809,Firebaugh-Las Deltas Unified,Fresno,170,84,5,5.95,31,3,9.68,9192,2298,612,49.411764705882355,18.235294117647058,26.631853785900784
15,1573908,McFarland Unified,Kern,209,66,6,9.09,16,4,25.0,14543,3492,1104,31.57894736842105,7.655502392344498,31.615120274914087
16,1663925,Hanford Joint Union High,Kings,897,193,72,37.31,45,25,55.56,69793,4715,718,21.516164994425864,5.016722408026756,15.227995758218452
19,1964436,Covina-Valley Unified,Los Angeles,1066,998,246,24.65,72,29,40.28,78855,13196,1695,93.62101313320825,6.75422138836773,12.84480145498636
19,1976869,Wiseburn Unified,Los Angeles,428,140,44,31.43,120,43,35.83,13125,1877,112,32.71028037383177,28.037383177570092,5.966968566862014
22,2265532,Mariposa County Unified,Mariposa,149,36,26,72.22,16,8,50.0,16981,2023,437,24.161073825503358,10.738255033557047,21.601581809194265
24,2465730,Le Grand Union High,Merced,102,46,7,15.22,33,4,12.12,8886,678,202,45.09803921568628,32.35294117647059,29.793510324483773
29,2966357,Nevada Joint Union High,Nevada,700,175,125,71.43,63,48,76.19,83499,3799,396,25.0,9.0,10.423795735719926
30,3066431,Anaheim Union High,Orange,5479,1490,757,50.81,458,255,55.68,408212,34342,5423,27.194743566344226,8.359189633144734,15.791159513132607
33,3375176,Lake Elsinore Unified,Riverside,1608,493,201,40.77,169,67,39.64,132602,25570,3068,30.6592039800995,10.509950248756219,11.998435666797027
35,3567538,San Benito High,San Benito,807,205,97,47.32,118,52,44.07,55921,3583,476,25.402726146220573,14.622057001239158,13.284956740161876
36,3667827,Oro Grande,San Bernardino,647,48,14,29.17,17,5,29.41,1193,135,31,7.418856259659969,2.627511591962906,22.962962962962962
36,3667876,San Bernardino City Unified,San Bernardino,3558,932,242,25.97,480,124,25.83,269257,55062,14290,26.194491287240023,13.490725126475548,25.952562565834874
37,3768338,San Diego Unified,San Diego,9418,3369,1588,47.14,1944,1089,56.02,1094984,137795,19697,35.77192609895944,20.641325122106604,14.294422874560034
37,3768346,San Dieguito Union High,San Diego,2334,707,580,82.04,1234,1108,89.79,179016,14684,637,30.291345329905738,52.870608397600684,4.338055025878507
40,4068809,San Luis Coastal Unified,San Luis Obispo,591,185,144,77.84,174,140,80.46,95364,8009,700,31.302876480541453,29.441624365482234,8.740167311774254
41,4168890,Cabrillo Unified,San Mateo,251,77,44,57.14,65,50,76.92,27140,4158,176,30.677290836653388,25.89641434262948,4.232804232804233
43,4369484,Gilroy Unified,Santa Clara,972,335,166,49.55,147,92,62.59,62798,12523,875,34.465020576131685,15.123456790123457,6.987143655673561
48,4870532,Dixon Unified,Solano,310,94,59,62.77,67,34,50.75,23049,4348,407,30.32258064516129,21.612903225806452,9.360625574977002
49,4970920,Santa Rosa High,Sonoma,1968,413,243,58.84,275,208,75.64,214298,14876,1037,20.98577235772358,13.973577235772359,6.9709599354665235
50,5073601,Newman-Crows Landing Unified,Stanislaus,227,66,21,31.82,18,10,55.56,14114,3115,460,29.074889867841406,7.929515418502203,14.767255216693421
54,5471860,Cutler-Orosi Joint Unified,Tulare,292,122,17,13.93,85,10,11.76,19731,4585,1473,41.78082191780822,29.10958904109589,32.12649945474373
54,5472249,Tulare Joint Union High,Tulare,1284,397,139,35.01,177,63,35.59,82823,6011,1123,30.919003115264797,13.785046728971961,18.68241557145234
13,1363164,Imperial Unified,Imperial,279,78,34,43.59,65,35,53.85,22183,3964,483,27.956989247311824,23.297491039426525,12.184661957618568
17,1764022,Konocti Unified,Lake,211,43,9,20.93,16,6,37.5,22567,3325,1186,20.379146919431278,7.5829383886255926,35.66917293233083
19,1964352,Centinela Valley Union High,Los Angeles,1875,589,102,17.32,186,29,15.59,154123,8736,1553,31.41333333333333,9.92,17.777014652014653
19,1964725,Long Beach Unified,Los Angeles,5929,3705,1266,34.17,582,330,56.7,522816,81009,15105,62.4894585933547,9.81615786810592,18.646076361885715
19,1975291,San Gabriel Unified,Los Angeles,619,242,155,64.05,72,63,87.5,42805,5567,832,39.09531502423263,11.631663974151857,14.9452128615053
33,3367249,San Jacinto Unified,Riverside,859,252,60,23.81,34,8,23.53,52021,10933,1915,29.336437718277065,3.958090803259604,17.51577792005854
34,3467413,River Delta Joint Unified,Sacramento,173,62,19,30.65,27,10,37.04,16532,2148,361,35.83815028901734,15.606936416184972,16.80633147113594
36,3667678,Chino Valley Unified,San Bernardino,2434,1788,780,43.62,250,183,73.2,185137,33284,3325,73.45932621199671,10.271158586688578,9.989784881624805
36,3675069,Upland Unified,San Bernardino,867,296,142,47.97,62,30,48.39,78317,12736,1463,34.140715109573236,7.151095732410612,11.487123115577889
45,4570136,Shasta Union High,Shasta,1308,263,192,73.0,115,96,83.48,102844,5345,569,20.107033639143733,8.792048929663608,10.645463049579046
47,4770466,Siskiyou Union High,Siskiyou,150,39,20,51.28,29,14,48.28,15719,807,96,26.0,19.333333333333332,11.895910780669144
48,4870581,Vallejo City Unified,Solano,994,277,66,23.83,71,22,30.99,128950,19153,2805,27.867203219315893,7.142857142857142,14.645225291077116
56,5672652,Ventura Unified,Ventura,1301,348,214,61.49,213,132,61.97,121606,17949,1860,26.74865488086088,16.372021521906227,10.362694300518134
56,5673759,Conejo Valley Unified,Ventura,1767,611,469,76.76,421,358,85.04,138624,22829,1399,34.57838143746463,23.82569326542162,6.12817030969381
56,5676828,Santa Paula Unified,Ventura,429,95,41,43.16,126,44,34.92,32852,5608,952,22.144522144522146,29.37062937062937,16.975748930099858
58,5872769,Wheatland Union High,Yuba,167,52,26,50.0,18,10,55.56,14445,814,60,31.137724550898206,10.778443113772456,7.371007371007371
15,1573742,Sierra Sands Unified,Kern,353,86,62,72.09,15,14,93.33,37811,6781,1243,24.362606232294617,4.2492917847025495,18.330629700634123
19,1964295,Bassett Unified,Los Angeles,285,91,29,31.87,21,12,57.14,28123,5168,902,31.929824561403507,7.368421052631578,17.453560371517028
19,1964709,Lennox,Los Angeles,296,233,69,29.61,232,40,17.24,29950,4096,943,78.71621621621621,78.37837837837837,23.0224609375
19,1975333,Manhattan Beach Unified,Los Angeles,610,205,179,87.32,269,245,91.08,35919,5963,210,33.60655737704918,44.09836065573771,3.521717256414556
20,2065201,Chowchilla Union High,Madera,276,86,18,20.93,18,9,50.0,24721,1127,220,31.15942028985507,6.521739130434782,19.520851818988465
34,3475283,Natomas Unified,Sacramento,1130,527,210,39.85,772,162,20.98,78405,12822,1309,46.63716814159292,68.31858407079646,10.209015754172517
40,4068700,Atascadero Unified,San Luis Obispo,355,45,29,64.44,35,27,77.14,37544,5390,470,12.676056338028168,9.859154929577464,8.719851576994433
40,4068841,Templeton Unified,San Luis Obispo,203,54,34,62.96,69,50,72.46,11028,1970,150,26.60098522167488,33.99014778325123,7.614213197969544
42,4269310,Santa Maria Joint Union High,Santa Barbara,1949,417,192,46.04,243,93,38.27,150110,9761,1277,21.395587480759364,12.467932272960493,13.082675955332446
42,4276786,Santa Barbara Unified,Santa Barbara,1669,540,371,68.7,395,283,71.65,193922,17002,1512,32.354703415218694,23.666866387058118,8.89307140336431
49,4970953,Sonoma Valley Unified,Sonoma,293,91,50,54.95,47,31,65.96,40053,5343,293,31.058020477815703,16.040955631399317,5.483810593299644
4,461424,Chico Unified,Butte,1175,294,201,68.37,137,99,72.26,106660,14622,1742,25.02127659574468,11.659574468085106,11.913554917247984
5,561564,Calaveras Unified,Calaveras,216,37,26,70.27,19,16,84.21,25959,3499,763,17.12962962962963,8.796296296296296,21.806230351529006
7,761648,Antioch Unified,Contra Costa,1543,286,106,37.06,117,49,41.88,117811,22514,3329,18.535320803629293,7.582631237848347,14.78635515679133
10,1062257,Kingsburg Joint Union High,Fresno,276,80,44,55.0,41,26,63.41,18663,1214,228,28.985507246376812,14.855072463768115,18.780889621087315
11,1175481,Orland Joint Unified,Glenn,177,32,14,43.75,37,17,45.95,14092,2714,500,18.07909604519774,20.903954802259886,18.422991893883566
13,1363081,Brawley Union High,Imperial,471,131,37,28.24,115,34,29.57,29703,2064,529,27.81316348195329,24.416135881104033,25.629844961240313
15,1563818,Taft Union High,Kern,238,46,15,32.61,35,11,31.43,21615,1259,282,19.327731092436977,14.705882352941178,22.39872915011914
16,1673932,Reef-Sunset Unified,Kings,165,63,8,12.7,112,4,3.57,17218,2658,798,38.18181818181819,67.87878787878789,30.02257336343115
19,1964212,ABC Unified,Los Angeles,1663,631,403,63.87,216,172,79.63,108331,17163,2106,37.94347564642213,12.988574864702345,12.270582066072365
19,1964444,Culver City Unified,Los Angeles,556,223,118,52.91,148,95,64.19,39708,4669,318,40.10791366906475,26.618705035971225,6.81088027414864
19,1964857,Palmdale Elementary,Los Angeles,402,111,33,29.73,31,15,48.39,132820,19215,4621,27.611940298507463,7.711442786069651,24.048920114493885
19,1964980,Santa Monica-Malibu Unified,Los Angeles,899,359,250,69.64,280,221,78.93,111367,10401,969,39.93325917686318,31.145717463848722,9.316411883472743
26,2673692,Mammoth Unified,Mono,107,26,15,57.69,19,15,78.95,9727,1276,134,24.299065420560748,17.75700934579439,10.501567398119123
27,2766068,South Monterey County Joint Union High,Monterey,557,176,26,14.77,88,14,15.91,38580,2726,386,31.597845601436266,15.798922800718133,14.159941305942771
28,2866266,Napa Valley Unified,Napa,1513,492,227,46.14,168,106,63.1,116590,18440,1346,32.518175809649705,11.103767349636485,7.299349240780911
30,3066464,Capistrano Unified,Orange,4805,1332,978,73.42,1455,1233,84.74,360776,59442,3961,27.721123829344435,30.280957336108223,6.663638504760944
30,3066555,Laguna Beach Unified,Orange,295,57,45,78.95,165,149,90.3,29222,3470,234,19.322033898305087,55.932203389830505,6.743515850144092
33,3366993,Beaumont Unified,Riverside,735,577,159,27.56,48,23,47.92,53849,9041,729,78.50340136054422,6.530612244897959,8.063267337683884
37,3768213,Mountain Empire Unified,San Diego,342,39,14,35.9,20,12,60.0,12214,1984,387,11.403508771929824,5.847953216374268,19.506048387096776
37,3768411,Sweetwater Union High,San Diego,7934,2608,1335,51.19,952,441,46.32,492079,44284,6102,32.87118729518528,11.998991681371313,13.77924306747358
41,4169047,San Mateo Union High,San Mateo,2359,976,720,73.77,529,432,81.66,246243,10757,512,41.373463331920306,22.424756252649427,4.759691363763131
43,4369468,Fremont Union High,Santa Clara,2761,878,764,87.02,872,822,94.27,242332,11739,275,31.800072437522637,31.58275986961246,2.342618621688389
49,4970862,Petaluma Joint Union High,Sonoma,889,277,176,63.54,134,101,75.37,74882,5335,237,31.158605174353205,15.073115860517436,4.442361761949391
54,5475523,Porterville Unified,Tulare,1665,380,119,31.32,283,88,31.1,102435,15571,4616,22.822822822822822,16.996996996996998,29.644852610622312
56,5672454,Fillmore Unified,Ventura,298,116,57,49.14,29,19,65.52,20023,3882,483,38.92617449664429,9.731543624161073,12.442040185471406
3,373981,Amador County Unified,Amador,290,53,33,62.26,37,29,78.38,39752,4398,514,18.275862068965516,12.758620689655173,11.68713051386994
19,1964394,Claremont Unified,Los Angeles,616,263,175,66.54,139,103,74.1,42170,5723,566,42.6948051948052,22.564935064935064,9.88991787524026
19,1964451,Downey Unified,Los Angeles,2147,731,331,45.28,135,91,67.41,123949,21323,3099,34.04750815090824,6.2878435025617145,14.5336022135722
19,1964659,La Canada Unified,Los Angeles,347,170,156,91.76,138,130,94.2,18247,3630,121,48.99135446685879,39.76945244956772,3.3333333333333335
19,1965029,South Pasadena Unified,Los Angeles,370,181,159,87.85,93,78,83.87,26175,4160,247,48.91891891891892,25.135135135135133,5.9375
19,1965052,Temple City Unified,Los Angeles,518,235,186,79.15,90,80,88.89,35411,5253,635,45.366795366795365,17.374517374517374,12.088330477822197
19,1965060,Torrance Unified,Los Angeles,2115,795,562,70.69,440,334,75.91,148379,21629,1794,37.5886524822695,20.803782505910164,8.294419529335615
19,1973460,Walnut Valley Unified,Los Angeles,1424,809,625,77.26,316,276,87.34,58322,9131,911,56.81179775280899,22.191011235955056,9.97700142372139
20,2076414,Yosemite Unified,Madera,202,57,26,45.61,37,22,59.46,25051,2400,220,28.217821782178216,18.316831683168317,9.166666666666666
33,3367116,Menifee Union Elementary,Riverside,113,52,28,53.85,18,13,72.22,88324,10453,892,46.017699115044245,15.929203539823009,8.533435377403615
33,3373676,Coachella Valley Unified,Riverside,1244,344,76,22.09,204,36,17.65,96046,21528,5282,27.652733118971064,16.39871382636656,24.53548866592345
44,4469799,Pajaro Valley Unified,Santa Cruz,1315,372,133,35.75,257,88,34.24,114310,20959,2827,28.28897338403042,19.543726235741445,13.488238942697647
44,4475432,Scotts Valley Unified,Santa Cruz,194,90,73,81.11,60,52,86.67,18323,3066,142,46.391752577319586,30.927835051546392,4.631441617742987
57,5772678,Davis Joint Unified,Yolo,717,307,268,87.3,156,145,92.95,81681,9198,671,42.81729428172943,21.75732217573222,7.295064144379213
